text,embedding
"﻿뿌리역병(Phytophtoar  root  rot)
발생환경:  토양이  장기간  과습하거나  배수가  불량하고  포장이  침수되면  병발생이  조장된다. 병원균은  종자전염이  가능하나  대부분의  전염원은  토양에서  유입된다.
""증상:  유묘기에  감염되면  그루  전체가  심하게  시들고,  곧  죽으며,  생육중기나  후기에  감염되면 초기에는  아랫잎부터  약간  황화되어  시들고,  말라죽는다.  병든  그루의  땅가줄기와  굵은  뿌리 는  수침상으로  썩으며  껍질을  벗겨  보면  줄기내부가  연한  갈색이나  암갈색으로  썩어  있다.  간 혹  지표면  가까이에  매달린  과실에도  수침상의  병반이  나타나  회갈색의  큰  원형병반으로  썩으 며,  다습한  환경에서  흰  곰팡이  균사체와  포자가  많이  형성된다.""
""방제방법:  작물이  재배되지  않은  건전토양으로  육묘한다.  토양이  장기간  과습하거나  침수되지 않도록  하고  배수를  철저히  한다.  병든  포기는  뿌리주변  흙과  함께  조기에  제거하여  포장  밖 으로  버리거나  땅  속  깊이  매몰하고,  등록약제를  병든포기  주변토양에  흠뻑  관주한다.  역병이 심하게  발생된  포장은  3년  이상  비기주  작물로  돌려짓기를  한다.  뿌리에  발생하는  역병은  등 록약제를  지상부에  살포하는  것보다  토양에  관주하는  것이  효과적이다.  방제  약제로는  디메토 모르프  등  13종의  약제가  등록되어  있다.""
모자이크병(Mosaic)
""발생환경:  온대지역에  발생이  많다.  일반토마토에는  CMV와  TMV  및  ToMV가  주요  바이러스 인  것에  반해,  방울토마토에서는  PepMoV와  ToMV만  감염되는  것으로  보고되었다.""
""증상:  4  종류의  바이러스에  의해서  발생된다.  CMV에  감염된  잎에서는  작고  많은  황색  반점과 모자이크  및  고사리잎(細葉)으로  나타나고,  간혹  위축(萎縮)과  기형(奇形)을  동반하기도  한다. PepMoV에  의한  증상은  방울토마토의  잎에  황색의  모자이크  및  괴저윤문(壞疽輪紋)으로  나타 나며,  줄기에서는  괴사(壞死)증상이  심하게  나타난다.  TMV에  의한  증상은  잎에  황색의  모자 이크로  나타나며,  진전되면  잎이  기형이  되고,  일부가  가늘어진다.  품종에  따라서는  새싹의  괴""
""사(壞死)나,  줄기  및  과실의  괴저병반(壞疽病斑)으로  나타난다.  ToMV에  의한  증상은  잎에서는 모자이크로,  줄기에서는  얼룩줄무늬로  나타나며,  과실의  표면에는  괴저성의  윤문반점(輪紋斑點)으로  나타난다.""
방제방법:
""CMV  방제  -  진딧물이  전염시키므로  진딧물의  기주를  제거한다.  살충제를  살포하여  진딧물을 방제한다.  전  작물의  잔재물을  제거하고,  작물의  파종시기  및  이식시기를  조절한다.  바이러스 의  잠재적인  보존원인  잡초나  중간기주를  제거한다.  전염원이  되는  이병식물은  발견  즉시  제 거한다.""
""PepMoV  방제  -  복숭아혹진딧물의  기주식물인  가지과,  십자화과  등을  주위에  재배하지  않는 다.  자연  발병  기주인  담배,  고추,  감자  등을  연속재배하지  말아야  한다.  이병주는  조기에  제 거한다.  살충제를  살포하여  진딧물을  구제한다.  저항성  품종을  재배한다.""
""TMV  및  ToMV  방제  -  고추와  토마토를  연속재배하지  말아야  한다.  종자  소독  처리를  철저히 한  후  파종한다.  오염  토양,  옷,  손,  농기구들의  오염물을  제거한다.  이식,  적아,  수확  등  작업 시에  전염이  되므로  주의하여야  하며  작업  전에는  반드시  손을  닦아야  한다.  전염원으로부터 격리된  지역에서  재배한다.  전염원이  되는  이병식물은  발견  즉시  제거한다.""
잎곰팡이병(Leaf  mold)
""발생환경:   20～25℃의  다습조건하에서  피해가  크며,  특히  시설재배지에서  심하게  발생한다. 증상:  잎에  발생한다.  처음에는  잎의  표면에  흰색  또는  담회색의  반점으로  나타나고  진전되면""
""황갈색  병반으로  확대된다.  잎  뒷면에  담갈색의  병반이  형성되는데,  병반상에는  갈색의  곰팡""
""이가  융단처럼  밀생되어  있는  것을  볼  수  있으며,  오래되면  균총이  갈색에서  연한  자색으로""
""변한다.  주로  하엽에서  피해가  크며,  심하면  하엽전체가  황화되고  고사한다.""
""방제방법:  이병엽을  신속히  제거한다.  90%이상의  상대습도가  유지되지  않도록  한다.  통풍이 잘되게  하고  밀식하지  않는다.  무병종자를  사용하고,  깨끗한  자재를  사용한다.  질소질  비료의 과용을  피한다.  방제  약제로는  디메토모르프  등  19종의  약제가  등록되어  있다. 잘록병(Damping-off)""
발생환경:  이  균에  의한  발병적온은  28～30℃이다.  보통  습기가  많은  토양에서  발병이  잘  된 다.
""증상:  유묘기에  발생하며,  식물체의  지제부가  잘록하게  썩는다.  병든  묘는  잘  쓰러지고,  후에 말라죽는다.  이  병은  두  종류의  병원균에  의해서  일어나는데,  Pythium균에  의한  병징은  묘의 지제부가  수침상으로  물러  썩는  증상으로  나타나고,  Thanatephorus균에  의한  병징은  지제부 가  암갈색으로  변해  마른  상태로  썩는다.""
방제방법:  병든  식물체는  조기에  제거한다.  시설하우스재배시  내부가  과습하지  않도록  주의한 다.  병이  심하게  발생한  포장은  비기주작물과  돌려짓기를  한다.  질소비료의  과용(過用)을  피한 다.
탄저병(Anthracnose)
""발생환경:  유전적인  병,  병원균은  토마토를  포함한  가지과  작물의  뿌리에  검은점뿌리썩음병을 일으키기도  한다.""
""증상:  처음에는  표면에  수침상의  작은  반점으로  나타나고,  진전되면  약간  움푹  들어간  형태의 둥근  병반으로  확대된다.  병반에는  흑색의  작은  소립점이  생겨  겹무늬를  나타내고,  후에  담황 색  내지  적황색의  포자덩어리가  형성된다.  병든  과실은  후에  전체적으로  물러  썩게  된다.  줄 기와  과경에서는  갈색  내지  암갈색  원형반점으로  나타나고,  잎에서는  작고  둥근  갈색반점으로 나타나는데,  병반의  주위는  황색을  띠고,  그다지  진전되지  않는다.""
""방제방법:  건전한  종자를  선별하고,  소독하여  파종한다.  병든  과실은  일찍  제거한다.""
시들음병(Fusarium  wilt)
""발생환경:  병발생에  적합한  온도는  24～30℃이며  16℃이하나  35℃이상에서는  거의  발생하지 않는다.  일반적으로  산성토양(pH  4.5～5.5)과  사질양토에서  발생이  많은데,  이는  토양수분의 불균형에의해  식물체가  스트레스를  받아  약해지므로  병원균의  침입이  용이해지기  때문이다. 병원균은  토양중에  널리  분포하며,  월동체인  후막포자는  기주가  없이도  토양내에서  수  년간 생존하기  때문에  방제가  매우  어려운  병해이다.""
""증상:  병  든  식물체는  생육이  억제되며,  아랫잎이  시들고  밑으로  처진다.  일반적으로  병진전이 다소  느리고  아랫잎이  약간  누렇게  변하여  서서히  죽는다.  주로  곁뿌리가  나온  부분으로  병원 균이  침입하여  도관부를  침해한다.  기온이  상승한  낮  동안에  심하게  시들고,  아침과  저녁에는 다소  회복되기도  하는데,  심한  경우  줄기  내부의  도관은  아래  잎자루까지  암갈색으로  변하기 도  한다.  땅가부위의  줄기에  괴저증상이  나타나기도  하며,  진전되면  줄기의  전  둘레가  썩는다. 병든  그루의  과실은  작고  불량해진다.""
방제방법:  연작을  피하고  병  발생이  심한  토양은  5년  이상  돌려짓기를  해야한다.  -  석회시용 으로  토양  산토를  높이고(pH  6.5～7.0)  토양선충이나  토양미소동물에  의해  뿌리에  상처가  나 지  않도","[-0.008437314070761204, -0.030554546043276787, 0.009433954954147339, -0.010628558695316315, -0.02610379457473755, 0.02935311757028103, -0.002752708038315177, -0.016779061406850815, -0.01991916075348854, 0.0029626169707626104, -0.007010616362094879, 0.008471446111798286, -0.01688828133046627, 0.006686367094516754, 0.0004577891668304801, 0.01870407909154892, 0.02290908433496952, 0.023632671684026718, 0.0064576854929327965, -0.003469470189884305, 0.009638744406402111, 0.014376200735569, -0.0021861246787011623, -0.018239891156554222, 0.01179585698992014, 0.032930102199316025, 0.008778629824519157, -0.019236531108617783, 0.0026042358949780464, 0.027714803814888, 0.002093969378620386, -0.007700073532760143, -0.0009761617984622717, -0.003539439756423235, 0.006000323221087456, 0.0030923166777938604, 0.03257513418793678, -0.019236531108617783, 0.008184741251170635, -0.004928593058139086, 0.008212046697735786, 0.005297213792800903, 0.009433954954147339, -0.0018891802756115794, -0.006218764930963516, 0.037735819816589355, -0.01974167674779892, -0.024001292884349823, -0.003986563067883253, 0.01208256185054779, 0.02255411632359028, 0.020902149379253387, 0.005505416076630354, -0.012976808473467827, -0.011031311005353928, -0.02385111339390278, 0.023933028802275658, -0.0022509745322167873, -0.014253327623009682, -0.029271200299263, -0.0064781648106873035, 0.010287243872880936, -0.04177699238061905, 0.000721881864592433, -0.006751216948032379, 0.0019506170647218823, 0.0015871161594986916, 0.0024779492523521185, -0.023496145382523537, -0.012983634136617184, 0.009454433806240559, 0.051552265882492065, 0.011870946735143661, -0.01619199849665165, 0.030035747215151787, -0.01879964768886566, -0.0449444018304348, -0.007590852677822113, -0.010191675275564194, 0.010642211884260178, 0.03039071522653103, -0.01931844651699066, -0.01874503679573536, 0.011966514401137829, 0.018772341310977936, 0.0009531230316497386, -0.027987856417894363, 0.022595074027776718, -0.011161010712385178, -0.016396787017583847, -0.0031452206894755363, 0.026131100952625275, 0.010403290390968323, 0.012853934429585934, -0.006597625091671944, -0.005181166343390942, 0.00045394935295917094, 0.042623456567525864, -0.016601577401161194, -0.03940143808722496, -0.005751163233071566, -0.010246285237371922, -0.021489212289452553, -0.0032732137478888035, -0.05572996288537979, -0.0011672984110191464, 0.016956545412540436, -0.02051987685263157, 0.023195788264274597, -0.029735390096902847, -0.035141825675964355, 0.041503943502902985, -0.015222663059830666, -0.04330608621239662, 0.01658792421221733, 0.016915587708353996, 0.040766701102256775, -0.008068693801760674, -0.008676235564053059, -0.004495122469961643, -0.0007636930095031857, 0.014826737344264984, 0.02057448774576187, -0.02701852098107338, 0.033530816435813904, -0.018198931589722633, 0.003945604898035526, -0.025148112326860428, -0.03355812281370163, -0.016314871609210968, 0.04685576632618904, 0.00993910152465105, 0.02554403804242611, 0.005119729787111282, -0.004256201907992363, -0.016574271023273468, -0.030281495302915573, -0.040247902274131775, -0.004501949064433575, -0.03495068848133087, 0.02191244252026081, 0.012867587618529797, -0.01138627901673317, -0.018198931589722633, 0.012594535015523434, 0.010976700112223625, 0.0380907878279686, 0.019946467131376266, -0.024888712912797928, 0.0014275512658059597, 0.018594857305288315, -0.013802791014313698, 0.025311943143606186, -0.010601253248751163, 0.00601738877594471, 0.012362441048026085, -0.015837030485272408, 0.04677385091781616, -0.03361273184418678, 0.0045770383439958096, -0.018908867612481117, -0.005331345368176699, -0.007181274238973856, -0.006706845946609974, -0.01762552186846733, 0.026649899780750275, -0.002508667530491948, 0.012068909592926502, 0.010130238719284534, 0.0033209980465471745, -0.008293962106108665, 0.0240285973995924, -0.01706576533615589, 0.03140100836753845, 0.004727216903120279, 0.014553684741258621, -0.02129807509481907, 0.005102663766592741, 0.007829773239791393, 0.0031486337538808584, -0.03590637072920799, -0.015918945893645287, 0.018908867612481117, 0.015837030485272408, -0.005805773660540581, -0.018021447584033012, 0.018048753961920738, 9.546162800688762e-06, 0.013891533017158508, -0.007358758244663477, 0.005788707640022039, 0.0313463993370533, 0.016997503116726875, -0.010184848681092262, -0.5911034941673279, -0.018471984192728996, 0.0073724109679460526, 0.018594857305288315, 0.008212046697735786, -0.001143406261689961, 0.018772341310977936, -0.004242549184709787, -0.02948964387178421, 0.02416512370109558, 0.0019011262338608503, 0.0033295308239758015, 0.02506619691848755, -0.001166445086710155, 0.001284198835492134, -0.025926310569047928, 0.0035530924797058105, -0.0018516355194151402, -0.017352471128106117, 0.006454272661358118, -0.018758689984679222, 0.010246285237371922, -0.008116478100419044, 0.033312372863292694, 0.018117016181349754, 0.030035747215151787, 0.03413153067231178, 0.0022287890315055847, 0.02013760432600975, 0.03312123939394951, -0.03377656266093254, 0.022595074027776718, -0.0019335512770339847, -0.0007645462756045163, 0.05455584079027176, -0.01952323503792286, -0.021065980195999146, 0.015359189361333847, 0.03536026552319527, 0.01900443620979786, -0.023236745968461037, -0.0187859944999218, 0.010109759867191315, -0.027960550040006638, -0.015263620764017105, 0.008573840372264385, 0.0009693354950286448, -0.016683492809534073, 0.031209873035550117, 0.00573751050978899, -0.008655756711959839, 0.01141358446329832, 0.007638636510819197, 0.004942245781421661, 0.019809940829873085, 0.03410422429442406, 0.012376093305647373, -0.03066376782953739, -0.0038193182554095984, 0.012683277018368244, -0.00019742957374546677, 0.012266872450709343, 0.023141177371144295, -0.03888263925909996, -0.02213088423013687, 0.016123734414577484, -0.046227745711803436, -0.012205435894429684, -0.01589164137840271, -0.02239028364419937, 0.009645571000874043, -0.015209009870886803, -0.01199381984770298, 0.013413691893219948, 0.018458332866430283, 0.03830923140048981, 0.031674060970544815, -0.004290333483368158, 0.005525894928723574, 0.019495930522680283, -0.012601361609995365, 0.010212154127657413, 0.004020694177597761, 0.009973233565688133, 0.01706576533615589, -0.010061975568532944, -0.010471553541719913, -0.007119837217032909, -0.010874305851757526, -0.01593259908258915, 0.017953185364603996, 0.044179853051900864, -0.00467601977288723, -0.018458332866430283, -0.019973771646618843, 0.017161333933472633, -0.009085813537240028, -0.003648660611361265, 0.004030933603644371, 0.00918138213455677, -0.0366436131298542, -0.013413691893219948, 0.0005533574731089175, 0.010922090150415897, -0.010526164434850216, 0.011010832153260708, -0.07918515056371689, -0.026704510673880577, 0.03931952267885208, -0.009024376980960369, 0.004317638464272022, 0.007775162812322378, 0.011004005558788776, 0.005430326797068119, 0.017543606460094452, -0.023004652932286263, 0.03437727689743042, 0.026881994679570198, -0.008546535857021809, -0.0224722009152174, 0.012888066470623016, -0.008000430651009083, 0.009010723792016506, 0.017857616767287254, 0.018512941896915436, 0.005635115783661604, 0.014785779640078545, -0.017379775643348694, 0.002218549605458975, -0.005099250935018063, -0.01970071904361248, -0.014717516489326954, 0.03257513418793678, -0.013263513334095478, 0.015454757027328014, 0.006174393929541111, 0.024342607706785202, 0.008519230410456657, 0.0042323097586631775, -0.021243464201688766, -0.0041674599051475525, 0.00044754971168003976, 0.026745468378067017, -0.017256902530789375, 0.008526056073606014, -0.02839743345975876, -0.00924281869083643, -0.006512295920401812, 0.0014301111223176122, 0.00036648730747401714, 0.02472488209605217, 0.0071744476445019245, -0.006778521928936243, 0.01688828133046627, -0.004068478476256132, 0.018813300877809525, -0.004962724633514881, -0.022240106016397476, -0.009747965261340141, -0.005403021350502968, 0.008607972413301468, 0.0016246609156951308, 0.011174662970006466, -0.014403506182134151, -0.008464619517326355, -0.0387188084423542, -0.018239891156554222, -0.012301003560423851, -0.008061867207288742, -0.029653474688529968, -0.010027843527495861, -0.013167944736778736, -0.011004005558788776, 0.004293746780604124, 0.005106077063828707, 0.01796683855354786, 0.0035018951166421175, -0.004713564645498991, -0.02416512370109558, 0.010150717571377754, 0.005754576064646244, -0.0014002460520714521, -0.0051265559159219265, -0.005068532191216946, 0.005153861362487078, 0.01380961760878563, 0.015741461887955666, 0.002918245969340205, 0.006904808804392815, 0.030117662623524666, -0.004498535767197609, 0.022048968821763992, 0.008369051851332188, 0.010457901284098625, -0.011638851836323738, -0.018936173990368843, 0.0198782030493021, 0.04770222678780556, 0.009406650438904762, 0.022021664306521416, 0.02568056434392929, -0.0050787716172635555, 0.020233171060681343, -0.03104604035615921, 0.011140531860291958, 0.005949126090854406, -0.0022646270226687193, -0.019809940829873085, 0.013577522709965706, 0.015727808699011803, -0.011222447268664837, -0.011249752715229988, -0.012737886980175972, 0.002150286454707384, 0.0017646001651883125, 0.020274128764867783, 0.0008814468164928257, -0.019195573404431343, -0.01182316243648529, -0.015482062473893166, -0.020683707669377327, 0.001558104413561523, -0.006211938802152872, -0.006740977521985769, -0.0040548257529735565, 0.017980489879846573, 0.00018409694894216955, -0.0032578546088188887, -0.019550541415810585, 0.0027288158889859915, -0.03536026552319527, -0.02476583980023861, 0.007515763398259878, 0.02412416599690914, 0.025707868859171867, 0.018499290570616722, 0.015236315317451954, -0.020055687054991722, 0.01705211214721203, 0.004375662188977003, 0.00043667026329785585, 0.032793574035167694, -0.005273321643471718, -0.009686528705060482, 0.01381644420325756, 0.026554331183433533, 0.007979951798915863, 0.0032151902560144663, -0.02640415169298649, -3.922459654859267e-05, -0.02484775520861149, 0.03484146669507027, -0.004283507354557514, -0.009993712417781353, 0.0035599186085164547, -0.03151023015379906, 0.008143783546984196, 0.0090312035754323, 0.0240285973995924, 0.005030987784266472, 0.008218872360885143, -0.012956329621374607, -0.008382704108953476, 0.014403506182134151, 0.00492517976090312, -0.013229381293058395, 0.0004978937213309109, -0.010034670121967793, -0.018676774576306343, 0.005884275771677494, -0.006273375358432531, 0.006788761354982853, 0.007781988941133022, -0.028888927772641182, -0.013318123295903206, 0.008225698955357075, -0.006768282502889633, 0.008710366673767567, 0.009406650438904762, -0.009126771241426468, -0.021666696295142174, -0.026131100952625275, -0.012184957042336464, 0.029161980375647545, -0.008246177807450294, -0.02749636210501194, -0.03672552853822708, 0.0057955337688326836, -0.0001939097564900294, 0.034486498683691025, -0.006502056494355202, -0.0016724449815228581, 0.0006203405791893601, 0.015140747651457787, -0.033749256283044815, -0.02727792039513588, 0.005437152925878763, -0.015864335000514984, 0.020861191675066948, 0.014881347306072712, -0.017352471128106117, -0.010055148974061012, -0.012826628983020782, -0.026431458070874214, 0.007590852677822113, 0.01352973934262991, -0.02398763969540596, 0.0005141061847098172, 0.004744282923638821, -0.01376865990459919, -0.028206298127770424, -0.01918192021548748, -0.016055472195148468, -0.03383117541670799, -0.03623403236269951, 0.017215944826602936, 0.00942030269652605, -0.013871054165065289, 0.013154292479157448, -0.008990244939923286, -0.0029865088872611523, -0.006744390353560448, -0.02918928489089012, -0.025967268273234367, 0.024260692298412323, -0.01441715843975544, 0.010990353301167488, 0.014280633069574833, 0.005450805649161339, 0.0120142986997962, -0.003945604898035526, -0.041367415338754654, 0.002111035166308284, -0.007584026083350182, 0.03407692164182663, 0.01714768074452877, 0.025735175237059593, 0.003532613394781947, -0.010683169588446617, 0.0011391398729756474, 0.003124741604551673, -0.01426697988063097, 0.0334215946495533, 0.0224722009152174, 0.012853934429585934, -0.03639786317944527, -0.0036759658250957727, 0.01658792421221733, 0.022076275199651718, 0.005246016196906567, 0.017079418525099754, 0.012888066470623016, 0.019154615700244904, 0.01225321926176548, -0.04876713082194328, -0.022758904844522476, -0.0141168013215065, 0.000284571637166664, 0.0193047933280468, 0.0004774147819261998, 0.0174889974296093, 0.020806580781936646, -0.005734097212553024, 0.012608187273144722, 0.0376812107861042, 0.03571523353457451, 0.01710672304034233, -0.01154328417032957, 0.014239674434065819, -0.0038739286828786135, 0.0046418881975114346, 0.001563224126584828, -0.03639786317944527, -0.015168052166700363, 0.03866419941186905, 0.011427236720919609, -0.017570912837982178, -0.016656186431646347, 0.030991429463028908, 0.005235776770859957, 0.0017492410261183977, 0.002754414454102516, -0.011679809540510178, 0.008676235564053059, 0.017652828246355057, -0.04770222678780556, 0.005542960483580828, 0.007802468258887529, -0.015536673367023468, -0.011727593839168549, -0.004611169919371605, 0.002216842956840992, -0.02099771797657013, -0.012246393598616123, -0.013406865298748016, -0.022281063720583916, -0.007181274238973856, -0.010621732100844383, -0.010532990097999573, 0.00288411439396441, 0.014444463886320591, -0.027250614017248154, 0.002645193599164486, 0.011304362677037716, -0.005515655502676964, -0.008778629824519157, -0.0019079525955021381, -0.017174987122416496, -0.00020254930132068694, 0.025748826563358307, 0.03697127476334572, -0.024178776890039444, -0.027291571721434593, 0.016355829313397408, -0.0022441481705754995, 0.017994143068790436, 0.03383117541670799, 0.00029523775447160006, -0.012437529861927032, 0.0024745359551161528, 0.017775701358914375, 0.017557259649038315, -0.01792588084936142, -0.008519230410456657, -0.007795641664415598, -0.017762048169970512, -0.013181596994400024, -0.002711750101298094, -0.010689995251595974, -0.008048214949667454, -0.005003682337701321, 0.023154830560088158, -0.01675175502896309, 0.016560619696974754, 0.01632852479815483, 0.004007041919976473, -0.0008443287806585431, -0.0090312035754323, 0.004283507354557514, 0.005443979054689407, -0.008717193268239498, -0.0019267249153926969, 0.014253327623009682, -0.0032015375327318907, 0.007727378513664007, -0.012567229568958282, 0.014772126451134682, 0.008771803230047226, -0.016860976815223694, 0.013215729035437107, -0.006696606520563364, -0.012000646442174911, -0.025612300261855125, -0.014567337930202484, 0.024042250588536263, 0.005949126090854406, 0.0036350081209093332, -0.03060915693640709, -0.026185709983110428, 0.01430793758481741, -0.01387788075953722, 0.013045071624219418, 0.0005653034895658493, -0.03383117541670799, -0.008416835218667984, 0.003478002967312932, -0.007549894507974386, -0.0024881886783987284, 0.006290441378951073, -0.031018735840916634, 0.006061759777367115, 0.014840389601886272, 0.0032151902560144663, 0.0005217857542447746, 0.0024813623167574406, -0.0032134836073964834, -0.002023999812081456, 0.014662905596196651, -0.002041065599769354, -0.01688828133046627, 0.00016148480062838644, 0.019072700291872025, 0.034568414092063904, -0.023741893470287323, 0.017871269956231117, 0.004611169919371605, 0.029598863795399666, 0.017174987122416496, -0.013700396753847599, 0.015877988189458847, -0.027373487129807472, -0.0009061921737156808, -0.04248692840337753, 0.031755976378917694, 0.008703540079295635, 0.041940826922655106, -0.010478380136191845, 0.00033854212961159647, 0.002817557891830802, 0.051333822309970856, -0.003539439756423235, -0.013393213041126728, -0.016178345307707787, -0.03631594777107239, -0.010580774396657944, -0.008771803230047226, 0.008573840372264385, -0.010355507023632526, -0.007597678806632757, -0.019550541415810585, 0.00584673136472702, 0.01195286214351654, 0.018076058477163315, 0.008505577221512794, 0.003367075463756919, -0.026117447763681412, 0.01365943904966116, -0.011529630981385708, 0.0062153516337275505, 0.0017850791336968541, 0.002346542663872242, -5.743696601712145e-05, -0.020588139072060585, 0.005577092058956623, 0.01389835961163044, -0.018021447584033012, 0.009666049852967262, -0.002640073886141181, 0.0001738574937917292, -0.0075021106749773026, -0.0021400470286607742, -0.052371419966220856, 0.016765408217906952, -0.03364003822207451, -0.03410422429442406, 0.0005819426150992513, 0.0227316003292799, -0.045790862292051315, 0.013959796167910099, -0.015290926210582256, -0.016383135691285133, 0.03541487827897072, -0.002624714747071266, -0.009857186116278172, 0.03672552853822708, 0.017079418525099754, 0.03369464725255966, -0.024615660309791565, 0.02502523921430111, 0.03164675459265709, -0.006188046652823687, -0.024042250588536263, 0.040766701102256775, 0.001798731740564108, 0.001252627233043313, 0.014185064472258091, 0.005703378934413195, -0.0032100705429911613, -0.004911527503281832, 0.0318651981651783, 0.014949610456824303, -0.01922287791967392, -0.04215926676988602, 0.04396141320466995, 0.01140675786882639, 0.008061867207288742, -0.012355614453554153, -0.007119837217032909, -0.030418019741773605, 0.034704942256212234, -0.024561049416661263, 0.016656186431646347, -0.008696714416146278, -0.010505685582756996, 0.008860545232892036, 0.024834102019667625, 0.000245533708948642, 0.030117662623524666, 0.0075294156558811665, -0.01141358446329832, -0.014212369918823242, -0.03383117541670799, -0.022417590022087097, 0.027591930702328682, -0.007113011088222265, 0.058870065957307816, 0.005993497092276812, 0.012184957042336464, 0.00572727108374238, -0.007215405814349651, 0.01762552186846733, -0.014389853924512863, -0.011304362677037716, 0.04699229076504707, -0.010492032393813133, 0.017570912837982178, -0.012567229568958282, 0.01367991790175438, 0.01666983962059021, 0.01601451449096203, 0.0042323097586631775, 0.007543068379163742, -0.004737456329166889, -0.011017657816410065, 0.028861623257398605, 0.025052543729543686, -0.012266872450709343, 0.008785456418991089, -0.02987191639840603, 0.00944078154861927, -0.03208363801240921, -0.010239459574222565, 0.02251315861940384, 0.03303932398557663, 0.00251208059489727, -0.017297860234975815, -0.0009659223142080009, 0.020711014047265053, 0.003532613394781947, -0.025912659242749214, -0.014703863300383091, 0.029161980375647545, -0.020151255652308464, -0.00957048125565052, 0.005140208639204502, 0.010451074689626694, 0.003302225610241294, -0.018390068784356117, 0.016383135691285133, -0.029325811192393303, 0.020724665373563766, -0.011195141822099686, -0.02355075627565384, -0.01636948250234127, -0.010553469881415367, 0.00896294042468071, -0.008887850679457188, -0.022676989436149597, 0.03140100836753845, -0.006846785079687834, 0.0004151247558183968, 0.002699804026633501, 0.009147250093519688, 0.01879964768886566, -0.0313463993370533, 0.010689995251595974, 0.0013993927277624607, -0.018157973885536194, -0.02290908433496952, 0.006368943490087986, -0.003129861317574978, -0.013318123295903206, 0.001010293373838067, -0.023154830560088158, -0.02169400081038475, 0.009625092148780823, -0.02107963338494301, -0.027605582028627396, -0.007549894507974386, -0.017762048169970512, -0.04030251130461693, -0.008976592682301998, -0.007741031236946583, -0.006205112207680941, -0.017598217353224754, 0.017475344240665436, -0.013782312162220478, 0.01680636592209339, -0.004269854631274939, -0.019823594018816948, 0.006177807226777077, -0.015236315317451954, -0.013884706422686577, -0.013884706422686577, -0.02767384611070156, 0.05196184292435646, 0.008758150972425938, -0.02095676027238369, -0.014499074779450893, -0.002991628600284457, -0.025175416842103004, -0.0010589307639747858, 0.026636246591806412, -0.000824703136458993, -0.01978263631463051, -0.01926383562386036, -0.005447392351925373, -0.004727216903120279, 0.003652073908597231, 0.01862216368317604, 0.01615104079246521, -0.0019454972352832556, -0.008389530703425407, -0.008587493561208248, 0.0066351694986224174, -0.00045522931031882763, -0.0229909997433424, -0.0030837839003652334, 0.005563439801335335, 0.01714768074452877, -0.00939982384443283, 0.023632671684026718, -0.009229166433215141, -0.023223094642162323, -0.02406955510377884, -0.006403075065463781, -0.006461098790168762, -0.008478272706270218, 0.03276627138257027, -0.020943107083439827, -0.01430793758481741, 0.01796683855354786, 0.025148112326860428, -0.013208902440965176, 0.018335457891225815, 0.013010939583182335, 0.012676450423896313, 0.012594535015523434, 0.013584349304437637, -0.02576247975230217, 0.0068024140782654285, -0.0185265950858593, 0.04311494901776314, 0.016601577401161194, 0.015645893290638924, -0.013072376139461994, 0.004887635353952646, -0.0185265950858593, -0.02468392252922058, -0.005870623514056206, -0.013591175898909569, 0.0012466541957110167, 0.026922952383756638, 0.012376093305647373, -0.0033448899630457163, -0.014389853924512863, 0.030063053593039513, -0.020465265959501266, 0.002145166741684079, 0.019495930522680283, -0.02572152204811573, -0.048166416585445404, 0.04603660851716995, 0.035524096339941025, -0.021584780886769295, -0.03009035810828209, -0.0006233270978555083, -0.020724665373563766, -0.000623753760010004, -0.015700504183769226, 0.013065550476312637, -0.022335674613714218, 0.005355237051844597, -0.00023572088684886694, 0.0005205058259889483, -0.0069321137852966785, -0.007304147817194462, -0.0013388092629611492, -0.028424739837646484, 0.00033491564681753516, 0.23963065445423126, -0.00041192490607500076, 0.01671079732477665, 0.029653474688529968, 0.011201968416571617, 0.005075358785688877, -0.0020035209599882364, 0.006396248936653137, 0.002931898459792137, 0.011638851836323738, 0.014130453579127789, -0.019373057410120964, 0.008628451265394688, 0.0030854903161525726, -0.03000844269990921, -0.023195788264274597, -0.028725096955895424, -0.026881994679570198, -0.013693570159375668, -0.036097507923841476, 0.018867909908294678, -0.021571127697825432, 0.0020018143113702536, 0.004300572909414768, 0.030172273516654968, -0.005880862940102816, -0.01762552186846733, -0.007802468258887529, 0.020847538486123085, -0.021639389917254448, -0.007590852677822113, 0.0002724122896324843, 0.015031526796519756, -0.0012398278340697289, 0.009563654661178589, -0.00011412730964366347, 0.020192213356494904, -0.024397218599915504, 0.024137819185853004, 0.03484146669507027, 0.0038500367663800716, 0.003914886619895697, 0.027155045419931412, -0.009208686649799347, -0.0193594042211771, -0.005116316489875317, -0.005413260776549578, -0.01840372197329998, -0.01641044020652771, -0.006024215370416641, -0.019809940829873085, -0.014990568161010742, 0.009188207797706127, 0.031674060970544815, 0.015168052166700363, -0.0014548564795404673, 0.027987856417894363, -0.004966137930750847, -0.007604504935443401, 0.020683707669377327, -0.009536350145936012, 0.049258626997470856, -0.03650708496570587, 0.0070925322361290455, -0.024793144315481186, 0.001906246063299477, -0.011072268709540367, -0.005030987784266472, -0.003283453406766057, -0.016301218420267105, -0.002459176816046238, -0.010273590683937073, -0.013167944736778736, 0.013311296701431274, -0.01796683855354786, -0.029080064967274666, 0.015550325624644756, 0.012696929275989532, 0.03118256665766239, 0.03475955128669739, -0.024916017428040504, 0.002940431470051408, -0.002445524325594306, 0.01818528026342392, -0.01688828133046627, -0.014990568161010742, 0.024793144315481186, 0.0061982860788702965, -0.03213825076818466, -0.011113226413726807, -0.005829665344208479, 0.014867695048451424, -0.0039080604910850525, 0.001564930658787489, 0.006532775238156319, 0.01854024827480316, 0.008840066380798817, 0.007979951798915863, -0.007147142663598061, 0.003005281323567033, -0.02099771797657013, 0.031755976378917694, 0.010751432739198208, -0.002341422950848937, -0.0024318716023117304, 0.02135268598794937, 0.007003790233284235, 0.009877664968371391, 0.013263513334095478, -0.026595288887619972, -0.02641780488193035, -0.029680779203772545, 0.016942892223596573, 0.014799431897699833, 0.02831551805138588, -0.00038205983582884073, 0.010239459574222565, -0.0073724109679460526, 0.0007244417211040854, 0.015495714731514454, 0.011283883824944496, -0.03194711357355118, -0.024561049416661263, 0.00682971952483058, -0.017734743654727936, -0.03090951405465603, -0.02831551805138588, 0.029325811192393303, -0.0051265559159219265, -0.03525104373693466, -0.0003091036924161017, -0.021680349484086037, 0.007433847524225712, 0.014580990187823772, -0.001343929092399776, 0.008287135511636734, -0.00044754971168003976, -0.006174393929541111, -0.006925287656486034, 0.0067000193521380424, -0.0034370452631264925, -0.007829773239791393, 0.01649235561490059, -0.01441715843975544, -0.002928485395386815, -0.01892252080142498, 0.007843425497412682, -0.005542960483580828, -0.008273483254015446, -0.014580990187823772, -0.011440888978540897, 0.0022236693184822798, -0.02013760432600975, -0.0003270227462053299, 0.005136795341968536, -0.04278728738427162, -0.035824455320835114, -0.046091221272945404, -0.00286363554187119, 0.021967053413391113, -0.04437099024653435, 0.003409740049391985, 0.020369697362184525, -0.026431458070874214, -0.00939982384443283, 0.0021229812409728765, -0.1733335703611374, 0.009836707264184952, 0.019905509427189827, -0.028861623257398605, 0.0028312106151133776, 0.012710582464933395, 0.015031526796519756, -0.00251208059489727, -0.023236745968461037, 0.013161118142306805, 0.030936820432543755, 0.004798893351107836, -0.022008011117577553, -0.021680349484086037, -0.008457793854176998, 0.002093969378620386, -0.02061544544994831, 0.011782204732298851, 0.04448021203279495, 0.012737886980175972, 0.012376093305647373, -0.0313463993370533, 0.011201968416571617, -0.02329135686159134, 0.004522427916526794, 0.02390572428703308, -0.013092854991555214, 0.003061598399654031, 0.015796072781085968, -0.018977131694555283, -0.034786857664585114, 0.001797025091946125, 0.007263189647346735, -0.019509583711624146, 0.03044532611966133, -0.002450644038617611, -0.0057784682139754295, 0.0018140908796340227, 0.004239136353135109, 0.024260692298412323, 0.012041604146361351, 0.0065430146642029285, 0.010328201577067375, 0.010990353301167488, -0.04480787366628647, 0.032711658626794815, 0.00905168242752552, 0.006157328374683857, 0.018198931589722633, -0.010478380136191845, 0.018635816872119904, -0.007618157658725977, -0.005870623514056206, 0.030035747215151787, 0.017024807631969452, 0.035442180931568146, 0.012751540169119835, -0.013140639290213585, -0.005280147772282362, 0.006191459950059652, -0.02458835579454899, -0.013952969573438168, 0.01567319966852665, -0.0007487604743801057, 0.0022492678835988045, -0.01688828133046627, -0.021803222596645355, 0.00251208059489727, -0.02538020722568035, 0.0056009842082858086, -0.0014369374839589, 0.019687067717313766, -0.004723804071545601, -0.012150825001299381, 0.015304578468203545, 0.00074833381222561, 0.00993910152465105, 0.004181112628430128, -0.0001606315199751407, 0.00612660963088274, 0.002624714747071266, 0.001709136413410306, -0.033312372863292694, -0.0024267518892884254, -0.007031095214188099, 0.029271200299263, 0.003942192066460848, 0.0005452511832118034, -0.0048364377580583096, 0.014062190428376198, 0.011980167590081692, -0.015222663059830666, 0.01389835961163044, -0.013202075846493244, 0.014949610456824303, 0.041886214166879654, -0.014471769332885742, 0.026854688301682472, 0.0072222319431602955, -0.004870569333434105, 0.02017856203019619, 0.0010418649762868881, -0.029107369482517242, 0.021830527111887932, 0.017611870542168617, -0.008027736097574234, -0.002641780534759164, 0.031155262142419815, 0.05043274909257889, -0.006857024505734444, -0.008710366673767567, -0.009823055006563663, 0.00022249491303227842, 0.013188423588871956, 0.001438644016161561, 0.021379990503191948, -0.00575798936188221, -0.007147142663598061, 0.009515871293842793, -0.0012918784050270915, 0.03295740485191345, -0.02239028364419937, -0.01905904710292816, 0.03623403236269951, -0.015946252271533012, -0.02632223628461361, -0.051716096699237823, -0.013113333843648434, 0.004024107474833727, 0.022048968821763992, -0.029025454074144363, -0.004310812335461378, 0.004088957328349352, 0.0037476420402526855, -0.01788492314517498, 0.002503547817468643, -0.029817305505275726, -0.02757827751338482, 0.022608725354075432, 0.0029114196076989174, 0.012007473036646843, 0.017529955133795738, 0.011556936427950859, -0.0026110620237886906, 0.024356260895729065, 0.01567319966852665, -0.007584026083350182, -0.0012995580909773707, -0.0013831802643835545, -0.01627391390502453, -0.020369697362184525, 0.004519014619290829, -0.025011586025357246, 0.014840389601886272, -0.0096523966640234, 0.030499937012791634, 0.02749636210501194, -0.0061982860788702965, 0.0003129434771835804, -0.012737886980175972, 0.00952269695699215, -0.0004530960868578404, -0.019236531108617783, -0.008751324377954006, 0.012901718728244305, -0.02935311757028103, -0.012348787859082222, 0.020082993432879448, 0.029107369482517242, 0.008375877514481544, 0.044616736471652985, -0.02512080781161785, 0.0013115040492266417, 0.03776312619447708, -0.007747857365757227, -0.011290710419416428, 0.001320890267379582, -0.028943538665771484, -0.03052724152803421, -0.001528239343315363, 0.052152980118989944, -0.028779707849025726, 0.0077615100890398026, 0.012976808473467827, -0.014799431897699833, 0.0068672639317810535, -0.02970808558166027, 0.011857293546199799, -0.017980489879846573, 0.006119783502072096, 0.036097507923841476, -0.010328201577067375, 0.01770743913948536, -0.012751540169119835, 0.01355021819472313, -0.04057556390762329, -0.00931108184158802, -0.010628558695316315, -0.02905275858938694, 0.022062622010707855, -0.021420948207378387, 0.00978892296552658, -0.02103867568075657, 0.007488457951694727, 0.016355829313397408, -0.014608295634388924, -0.0078092943876981735, -0.020806580781936646, 0.015195357613265514, -0.011201968416571617, 0.025407511740922928, 0.02546212263405323, 0.005751163233071566, -0.01606912538409233, -0.003986563067883253, -0.019728025421500206, 0.00974113866686821, 0.0020769035909324884, -0.01854024827480316, -0.0060856519266963005, 0.009188207797706127, 0.020014729350805283, -0.002336303237825632, -0.008164262399077415, 0.030063053593039513, 0.012615013867616653, -0.03391309082508087, -0.04385219141840935, -0.07683690637350082, 0.016164693981409073, 0.02135268598794937, -0.03415883705019951, -0.015263620764017105, -0.013270338997244835, 0.023236745968461037, 0.006355291232466698, 0.01862216368317604, 0.026226667687296867, -0.01866312138736248, 0.01666983962059021, -0.007693246938288212, -0.02013760432600975, -0.02809707634150982, -0.028342824429273605, 0.029462337493896484, 0.005106077063828707, 0.008048214949667454, 0.010369159281253815, 0.0021827113814651966, 0.024042250588536263, 0.012908545322716236, 0.02948964387178421, -0.04041173309087753, -0.003114502178505063, -0.006553254090249538, 0.03153753653168678, -0.008485098369419575, -0.01732516475021839, 0.012929024174809456, -0.020328739657998085, 0.004979790188372135, 0.00707887951284647, 0.013604828156530857, -0.007536242250353098, 0.011222447268664837, 0.01940036192536354, 0.007119837217032909, 0.034486498683691025, -0.052152980118989944, -0.018608510494232178, 0.013311296701431274, 0.0046043433248996735, -0.013427344150841236, -0.013632133603096008, -0.008205220103263855, 0.00896294042468071, 0.025079848244786263, -0.0038602761924266815, 0.036261338740587234, 0.007488457951694727, -0.0064406199380755424, -0.008362225256860256, 0.0013729408383369446, -0.010218980722129345, 0.0011621785815805197, 0.00961143895983696, -0.00048125459579750896, -0.034268058836460114, 0.01164567843079567, 0.014621947892010212, -0.008007257245481014, -0.006727324798703194, 0.004194765351712704, -0.022717947140336037, -0.02572152204811573, -0.019796287640929222, 0.008635276928544044, -0.034623026847839355, -0.019673414528369904, 0.00025108008412644267, 0.02789228782057762, 0.011870946735143661, -0.009672875516116619, 0.011591067537665367, -0.036780137568712234, -0.002564984606578946, -0.0025547451805323362, 0.019250184297561646, -0.03475955128669739, 0.018772341310977936, -0.014744821935892105, -0.008205220103263855, -0.0031895916908979416, 0.008164262399077415, -0.027073130011558533, 0.027045825496315956, -0.001611008308827877, -0.003836384043097496, -0.041722383350133896, 0.012956329621374607, 0.020751971751451492, -0.004300572909414768, -0.017352471128106117, 0.029407726600766182, 0.0055839186534285545, 0.0007927048136480153, 0.018171627074480057, 0.019277488812804222, -0.00234312959946692, 0.004413207061588764, 0.004392728209495544, -0.0397564060986042, 0.004833024926483631, 0.002624714747071266, -0.01589164137840271, -0.03191980719566345, -0.009543175809085369, 0.009509044699370861, -0.009986885823309422, -0.01459464244544506, -0.0022475612349808216, 0.018117016181349754, -0.012703755870461464, -0.0025069608818739653, -0.0009078987059183419, -0.01714768074452877, 0.0011357266921550035, 0.0475383959710598, 0.021106939762830734, 0.03030879981815815, 0.02385111339390278, 0.0012372679775580764, 0.019127309322357178, 0.017379775643348694, 0.015482062473893166, -0.005413260776549578, 0.014854042790830135, -0.03009035810828209, -0.0008840066730044782, 0.01758456416428089, -0.042923811823129654, -0.01870407909154892, -0.012785671278834343, 0.030117662623524666, 0.0375719889998436, -0.0017850791336968541, 0.006628343369811773, 0.07366949319839478, 0.003914886619895697, -0.005542960483580828, 0.00729732122272253, -0.009795749559998512, 0.018758689984679222, 0.004010454751551151, -0.007215405814349651, -0.012621840462088585, -0.04797527939081192, 0.005553199909627438, -0.02107963338494301, 0.006406488362699747, -0.04095783829689026, -0.04450751841068268, -0.0015333590563386679, -0.010321374982595444, 0.024410871788859367, -0.010457901284098625, 0.015072484500706196, 0.033667340874671936, -0.019646110013127327, -0.006324572954326868, 0.02385111339390278, -0.027687497437000275, -0.004041173495352268, 0.015509367920458317, -0.004959311336278915, -0.003372195176780224, -0.02815168723464012, 0.0026537266094237566, -0.0005388515419326723, -0.03104604035615921, -0.02789228782057762, -0.024219734594225883, -0.03702588379383087, -0.03309393301606178, 0.0016425799112766981, 0.022567767649888992, 0.0023550756741315126, -0.006863851100206375, 0.023359619081020355, -0.010812869295477867, -0.010853826999664307, 0.01705211214721203, -0.016656186431646347, 0.001015413086861372, -0.012922197580337524, -0.00974113866686821]"
